First_Name,Last_Name,Hire_Date
Donald,OConnell,21-Jun-07
Douglas,Grant,13-Jan-08
Jennifer,Whalen,17-Sep-03
Michael,Hartstein,17-Feb-04
Pat,Fay,17-Aug-05
Susan,Mavris,07-Jun-02
Hermann,Baer,07-Jun-02
Shelley,Higgins,07-Jun-02
William,Gietz,07-Jun-02
Neena,Kochhar,21-Sep-05
Lex,"De Haan",13-Jan-01
Alexander,Hunold,03-Jan-06
Bruce,Ernst,21-May-07
David,Austin,25-Jun-05
Valli,Pataballa,05-Feb-06
Diana,Lorentz,07-Feb-07
Nancy,Greenberg,17-Aug-02
Daniel,Faviet,16-Aug-02
John,Chen,28-Sep-05
Ismael,Sciarra,30-Sep-05
"Jose Manuel",Urman,07-Mar-06
Luis,Popp,07-Dec-07
Den,Raphaely,07-Dec-02
Alexander,Khoo,18-May-03
Shelli,Baida,24-Dec-05
Sigal,Tobias,24-Jul-05
Guy,Himuro,15-Nov-06
Karen,Colmenares,10-Aug-07
Matthew,Weiss,18-Jul-04
Adam,Fripp,10-Apr-05
Payam,Kaufling,01-May-03
Shanta,Vollman,10-Oct-05
Kevin,Mourgos,16-Nov-07
Julia,Nayer,16-Jul-05
Irene,Mikkilineni,28-Sep-06
James,Landry,14-Jan-07
Steven,Markle,08-Mar-08
Laura,Bissot,20-Aug-05
Mozhe,Atkinson,30-Oct-05
James,Marlow,16-Feb-05
TJ,Olson,10-Apr-07
Jason,Mallin,14-Jun-04
Michael,Rogers,26-Aug-06
Ki,Gee,12-Dec-07
Hazel,Philtanker,06-Feb-08
Renske,Ladwig,14-Jul-03
Stephen,Stiles,26-Oct-05
John,Seo,12-Feb-06
Joshua,Patel,06-Apr-06
Doglas,Desai,26-Oct-05
Bhana,Nanavati,14-Jul-03
Jonas,Vohra,14-Jun-04
